{"cameraMode":{"drawMode":0,"name":"Shaded","section":"Shading Mode"},"sceneLighting":false,"audioPlay":false,"sceneViewState":{"showFog":true,"showMaterialUpdate":false,"showSkybox":true,"showFlares":true,"showImageEffects":true,"showParticleSystems":true},"in2DMode":false,"pivot":{"x":3.2994091510772707,"y":0.5460195541381836,"z":-1.4598045349121094},"rotation":{"x":-0.016243355348706247,"y":0.9622829556465149,"z":-0.26508665084838869,"w":-0.05896449089050293},"size":11.49377727508545,"orthographic":false}