{"cameraMode":{"drawMode":0,"name":"Shaded","section":"Shading Mode"},"sceneLighting":true,"audioPlay":false,"sceneViewState":{"showFog":true,"showMaterialUpdate":false,"showSkybox":true,"showFlares":true,"showImageEffects":true,"showParticleSystems":true},"in2DMode":false,"pivot":{"x":1.9883127212524415,"y":-1.9947333335876465,"z":0.04793405532836914},"rotation":{"x":-0.10441602766513825,"y":0.8944027423858643,"z":-0.3308578133583069,"w":-0.2822663187980652},"size":36.24064254760742,"orthographic":false}