{"cameraMode":{"drawMode":0,"name":"Shaded","section":"Shading Mode"},"sceneLighting":false,"audioPlay":false,"sceneViewState":{"showFog":false,"showMaterialUpdate":false,"showSkybox":false,"showFlares":false,"showImageEffects":false,"showParticleSystems":false},"in2DMode":false,"pivot":{"x":-0.18409013748168946,"y":2.189117908477783,"z":0.24407458305358888},"rotation":{"x":0.1048322319984436,"y":0.2897631824016571,"z":-0.03194694221019745,"w":0.9508033394813538},"size":18.48005485534668,"orthographic":false}