{"cameraMode":{"drawMode":0,"name":"Shaded","section":"Shading Mode"},"sceneLighting":false,"audioPlay":false,"sceneViewState":{"showFog":false,"showMaterialUpdate":false,"showSkybox":false,"showFlares":false,"showImageEffects":false,"showParticleSystems":false},"in2DMode":false,"pivot":{"x":-0.18409013748168946,"y":2.184777021408081,"z":0.24407458305358888},"rotation":{"x":0.1834828406572342,"y":0.2748563885688782,"z":-0.05351855978369713,"w":0.942297101020813},"size":18.48005485534668,"orthographic":false}