{"cameraMode":{"drawMode":0,"name":"Shaded","section":"Shading Mode"},"sceneLighting":true,"audioPlay":false,"sceneViewState":{"showFog":false,"showMaterialUpdate":false,"showSkybox":false,"showFlares":false,"showImageEffects":false,"showParticleSystems":false},"in2DMode":false,"pivot":{"x":2.856626033782959,"y":0.15318870544433595,"z":1.9874553680419922},"rotation":{"x":0.14753559231758119,"y":0.40268510580062868,"z":-0.06593969464302063,"w":0.9009605646133423},"size":10.0,"orthographic":false}